{"is_source_file": true, "format": "Python", "description": "An interactive SQLite database shell for managing and inspecting a database with commands for listing tables, describing schemas, executing queries, and displaying results.", "external_files": ["sqlite3"], "external_methods": ["sqlite3.connect", "sqlite3.Error"], "published": ["print_help", "list_tables", "show_schema", "describe_table", "execute_query", "main"], "classes": [], "methods": [{"name": "print_help()", "description": "Prints help information about available shell commands.", "scope": "", "scopeKind": ""}, {"name": "list_tables(cursor)", "description": "Lists all tables in the connected database.", "scope": "", "scopeKind": ""}, {"name": "show_schema(cursor, table_name=None)", "description": "Displays the CREATE statements for tables, either all or a specific one.", "scope": "", "scopeKind": ""}, {"name": "describe_table(cursor, table_name)", "description": "Shows the structure of a specified table with column details.", "scope": "", "scopeKind": ""}, {"name": "execute_query(cursor, query)", "description": "Executes a provided SQL query and outputs the results or the number of affected rows.", "scope": "", "scopeKind": ""}, {"name": "main()", "description": "Main function running the interactive shell loop, handling user input and command execution.", "scope": "", "scopeKind": ""}], "calls": ["sqlite3.connect", "cursor.execute", "cursor.fetchall", "cursor.description", "conn.commit", "conn.close", "print", "input"], "search-terms": ["db_shell", "interactive shell", "sqlite3", "commands", "schema", "describe"], "state": 2, "file_id": 2, "knowledge_revision": 17, "git_revision": "91223506782e29c604c1575f4c30d61f0aa79ad5", "ctags": [{"_type": "tag", "name": "DB_NAME", "path": "/home/kavia/workspace/code-generation/simple-to-do-list-307543-307552/database/db_shell.py", "pattern": "/^DB_NAME = \"myapp.db\"$/", "language": "Python", "kind": "variable"}, {"_type": "tag", "name": "describe_table", "path": "/home/kavia/workspace/code-generation/simple-to-do-list-307543-307552/database/db_shell.py", "pattern": "/^def describe_table(cursor, table_name):$/", "language": "Python", "kind": "function", "signature": "(cursor, table_name)"}, {"_type": "tag", "name": "execute_query", "path": "/home/kavia/workspace/code-generation/simple-to-do-list-307543-307552/database/db_shell.py", "pattern": "/^def execute_query(cursor, query):$/", "language": "Python", "kind": "function", "signature": "(cursor, query)"}, {"_type": "tag", "name": "list_tables", "path": "/home/kavia/workspace/code-generation/simple-to-do-list-307543-307552/database/db_shell.py", "pattern": "/^def list_tables(cursor):$/", "language": "Python", "kind": "function", "signature": "(cursor)"}, {"_type": "tag", "name": "main", "path": "/home/kavia/workspace/code-generation/simple-to-do-list-307543-307552/database/db_shell.py", "pattern": "/^def main():$/", "language": "Python", "kind": "function", "signature": "()"}, {"_type": "tag", "name": "print_help", "path": "/home/kavia/workspace/code-generation/simple-to-do-list-307543-307552/database/db_shell.py", "pattern": "/^def print_help():$/", "language": "Python", "kind": "function", "signature": "()"}, {"_type": "tag", "name": "show_schema", "path": "/home/kavia/workspace/code-generation/simple-to-do-list-307543-307552/database/db_shell.py", "pattern": "/^def show_schema(cursor, table_name=None):$/", "language": "Python", "kind": "function", "signature": "(cursor, table_name=None)"}], "hash": "7a5a132ab2db661e22c5eb4827332833", "format-version": 4, "code-base-name": "database", "filename": "database/db_shell.py", "fields": [{"name": "DB_NAME = \"myapp.db\"", "scope": "", "scopeKind": "", "description": "unavailable"}], "revision_history": [{"17": "91223506782e29c604c1575f4c30d61f0aa79ad5"}]}