{"is_source_file": true, "format": "bash", "description": "This script automates backups for various databases including SQLite, PostgreSQL, MySQL, and MongoDB. It detects the active database and performs the appropriate backup procedure, saving the backup to a file.", "external_files": ["/usr/lib/postgresql/", "/var/run/mysqld/mysqld.sock"], "external_methods": ["ls", "cp", "sudo", "pg_isready", "pg_dump", "mysqladmin", "mysql", "mysqldump", "mongosh", "mongodump"], "published": [], "classes": [], "methods": [], "calls": ["ls", "cp", "sudo -u postgres pg_isready", "pg_dump", "mysqladmin ping", "mysqladmin ping --socket", "mysql", "mysqldump", "sudo mysql", "sudo mysqldump", "mongosh", "mongodump"], "search-terms": ["database backup", "SQLite", "PostgreSQL", "MySQL", "MongoDB", "database detection", "backup script", "bash database script"], "state": 2, "file_id": 1, "knowledge_revision": 12, "git_revision": "91223506782e29c604c1575f4c30d61f0aa79ad5", "hash": "d7da372b768c895a33088027314656c3", "format-version": 4, "code-base-name": "database", "filename": "database/backup_db.sh", "revision_history": [{"12": "91223506782e29c604c1575f4c30d61f0aa79ad5"}]}