{"is_source_file": false, "format": "", "description": "", "external_files": [], "external_methods": [], "published": [], "classes": [], "methods": [], "calls": [], "search-terms": ["HTML", "UI", "Dashboard", "Database Viewer", "index.html", "Frontend", "JavaScript", "client-side"], "state": 2, "file_id": 4, "knowledge_revision": 11, "git_revision": "91223506782e29c604c1575f4c30d61f0aa79ad5", "hash": "ee63333a4841bf025439c755a74c9881", "format-version": 4, "code-base-name": "database", "filename": "database/db_visualizer/public/index.html", "revision_history": [{"11": "91223506782e29c604c1575f4c30d61f0aa79ad5"}]}