{"is_source_file": true, "format": "bash", "description": "A shell script that detects backup files and restores databases of different types (SQLite, PostgreSQL, MySQL, MongoDB) accordingly. It includes logic for checking the presence of backup files and database availability, then executes appropriate restore commands.", "external_files": ["database_backup.db", "database_backup.sql", "database_backup.archive"], "external_methods": ["ls", "sudo -u postgres pg_isready", "psql", "mysqladmin", "mysql", "mongosh", "mongorestore"], "published": ["DB_NAME", "DB_USER", "DB_PASSWORD", "DB_PORT"], "classes": [], "methods": [], "calls": ["ls", "sudo -u postgres pg_isready", "psql", "mysqladmin", "mysql", "mongosh", "mongorestore"], "search-terms": ["restore_db", "database_restore", "backup", "sqlite", "postgresql", "mysql", "mongodb", "restore_script"], "state": 2, "file_id": 3, "knowledge_revision": 14, "git_revision": "91223506782e29c604c1575f4c30d61f0aa79ad5", "hash": "d42c3e6cbc3bbd627e3c08afcf4183ec", "format-version": 4, "code-base-name": "database", "filename": "database/restore_db.sh", "revision_history": [{"14": "91223506782e29c604c1575f4c30d61f0aa79ad5"}]}